name,url,subscribers,description,created_utc,is_active,keyword,last_updated
funny,https://www.reddit.com/r/funny/,66848808.0,Reddit's largest humor depository,2008-01-25,True,college students,2025-05-10
AskReddit,https://www.reddit.com/r/AskReddit/,55143022.0,r/AskReddit is the place to ask and answer thought-provoking questions.,2008-01-24,True,college students,2025-05-10
worldnews,https://www.reddit.com/r/worldnews/,45897835.0,"A place for major news from around the world, excluding US-internal news.",2008-01-24,True,university,2025-05-10
todayilearned,https://www.reddit.com/r/todayilearned/,40606296.0,"You learn something new every day; what did you learn today?
Submit interesting and specific facts about something that you just found out here.",2008-12-28,True,college students,2025-05-10
memes,https://www.reddit.com/r/memes/,35485182.0,"Memes!

A way of describing cultural information being shared.
An element of a culture or system of behavior that may be considered to be passed from one individual to another by nongenetic means, especially imitation.",2008-07-05,True,job hunting,2025-05-10
science,https://www.reddit.com/r/science/,34027141.0,"This community is a place to share and discuss new scientific research. Read about the latest advances in astronomy, biology, medicine, physics, social science, and more. Find and submit new publications and popular science coverage of current research.",2006-10-18,True,university,2025-05-10
pics,https://www.reddit.com/r/pics/,32541467.0,"A place for photographs, pictures, and other images.",2008-01-24,True,college students,2025-05-10
news,https://www.reddit.com/r/news/,30273317.0,The place for news articles about current events in the United States and the rest of the world. Discuss it all here.,2008-01-25,True,college students,2025-05-10
LifeProTips,https://www.reddit.com/r/LifeProTips/,22865560.0,Tips that improve your life in one way or another.,2010-10-25,True,job hunting,2025-05-10
dataisbeautiful,https://www.reddit.com/r/dataisbeautiful/,21625394.0,"DataIsBeautiful is for visualizations that effectively convey information. 
 
 Aesthetics are an important part of information visualization, but pretty pictures are not the sole aim of this subreddit.",2012-02-14,True,job hunting,2025-05-10
personalfinance,https://www.reddit.com/r/personalfinance/,20981118.0,"Learn about budgeting, saving, getting out of debt, credit, investing, and retirement planning. Join our community, read the PF Wiki, and get on top of your finances!",2009-02-08,True,college students,2025-05-10
AdviceAnimals,https://www.reddit.com/r/AdviceAnimals/,9927515.0,Reddit's Gold Mine,2010-12-07,True,college students,2025-05-10
politics,https://www.reddit.com/r/politics/,8827297.0,/r/Politics is for news and discussion about U.S. politics.,2007-08-06,True,college students,2025-05-10
soccer,https://www.reddit.com/r/soccer/,8587168.0,"The football subreddit. 

News, results, and discussion about the beautiful game.",2008-05-27,True,professional development,2025-05-10
Parenting,https://www.reddit.com/r/Parenting/,8155114.0,"/r/Parenting is the place to discuss the ins and out as well as ups and downs of child-rearing. From the early stages of pregnancy to when your teenagers are finally ready to leave the nest (even if they don't want to) we're here to help you through this crazy thing called parenting. 

You can get advice on potty training, talk about breastfeeding, discuss how to get your baby to sleep or ask if that one weird thing your kid does is normal.",2008-03-24,True,professional development,2025-05-10
programming,https://www.reddit.com/r/programming/,6775105.0,Computer Programming,2006-02-28,True,coding bootcamp,2025-05-10
Frugal,https://www.reddit.com/r/Frugal/,6571875.0,"Frugality is the mental approach we each take when considering our resource allocations. It includes time, money, convenience, and many other factors.",2008-03-03,True,college students,2025-05-10
RoastMe,https://www.reddit.com/r/RoastMe/,5868998.0,"Roasting (v.) - To humorously mock or humiliate someone with a well-timed joke, diss or comeback. (As defined by urbandictionary)

Hone your roasting skills, meet other roasters, and get yourself roasted! Everybody needs to laugh at themselves! And other people, of course!",2015-04-22,True,college students,2025-05-10
unitedkingdom,https://www.reddit.com/r/unitedkingdom/,5291578.0,"For the United Kingdom of Great Britain (England, Scotland, Wales) and Northern Ireland; News, Politics, Economics, Society, Business, Culture, discussion and anything else UK related.",2008-04-02,True,university,2025-05-10
careerguidance,https://www.reddit.com/r/careerguidance/,4693587.0,"A place to discuss career options, to ask questions and give advice!",2011-12-24,True,career advice,2025-05-10
ProgrammerHumor,https://www.reddit.com/r/ProgrammerHumor/,4478867.0,For anything funny related to programming and software development.,2012-01-22,True,coding bootcamp,2025-05-10
CFB,https://www.reddit.com/r/CFB/,4350262.0,The home of college football on reddit.,2008-09-09,True,university,2025-05-10
learnprogramming,https://www.reddit.com/r/learnprogramming/,4208519.0,A subreddit for all questions related to programming in any language.,2009-09-24,True,professional development,2025-05-10
canada,https://www.reddit.com/r/canada/,4053297.0,"Welcome to Canada‚Äôs official subreddit! This is the place to engage on all things Canada. Nous parlons en anglais et en fran√ßais. Please be respectful of each other when posting, and note that users new to the subreddit might experience posting limitations until they become more active and longer members of the community. Do not hesitate to message the mods if you experience any issues!",2008-01-25,True,university,2025-05-10
compsci,https://www.reddit.com/r/compsci/,3993741.0,"Computer Science Theory and Application. We share and discuss any content that computer scientists find interesting. People from all walks of life welcome, including hackers, hobbyists, professionals, and academics.",2008-03-23,True,internships,2025-05-10
math,https://www.reddit.com/r/math/,3896611.0,"This subreddit is for discussion of mathematics. All posts and comments should be directly related to mathematics, including topics related to the practice, profession and community of mathematics.",2008-01-24,True,grad school,2025-05-10
chemistry,https://www.reddit.com/r/chemistry/,3835276.0,A community for chemists and those who love chemistry,2008-03-13,True,grad school,2025-05-10
relationships,https://www.reddit.com/r/relationships/,3583677.0,/r/Relationships is a community built around helping people and the goal of providing a platform for interpersonal relationship advice between redditors. We seek posts from users who have specific and personal relationship quandaries that other redditors can help them try to solve.,2008-07-09,True,grad school,2025-05-10
offmychest,https://www.reddit.com/r/offmychest/,3284042.0,"A mutually supportive community where deeply emotional things you can't tell people you know can be told. 

Whether it's long-standing baggage, happy thoughts, or recent trauma, posting it here may provide some relief. We'll listen, and if you want, we'll talk. 

We aim to keep this a safe space.",2009-10-23,True,job hunting,2025-05-10
teenagers,https://www.reddit.com/r/teenagers/,3169121.0,"r/teenagers is the biggest community forum run by teenagers for teenagers. Our subreddit is primarily for discussions and memes that an average teenager would enjoy to discuss about. We do not have any age-restriction in place but do keep in mind this is targeted for users between the ages of 13 to 19. 

Parents, teachers, and the like are welcomed to participate and ask any questions!",2010-02-26,True,students,2025-05-10
Philippines,https://www.reddit.com/r/Philippines/,3087376.0,The official Philippines subreddit,2008-07-04,True,coding bootcamp,2025-05-10
india,https://www.reddit.com/r/india/,3047621.0,The Official Subreddit for India,2008-01-24,True,college students,2025-05-10
webdev,https://www.reddit.com/r/webdev/,3029459.0,"A community dedicated to all things web development: both front-end and back-end. For more design-related questions, try /r/web_design.",2009-01-24,True,professional development,2025-05-10
CollegeBasketball,https://www.reddit.com/r/CollegeBasketball/,2992795.0,"Your home for College Basketball on the internet. Forever.  

Discord: https://discord.gg/redditcbb  

Twitter: https://twitter.com/redditCBB",2010-02-22,True,university,2025-05-10
atheism,https://www.reddit.com/r/atheism/,2917596.0,"Welcome to r/atheism, the web's largest atheist forum. All topics related to atheism, agnosticism and secular living are welcome.

If you wish to learn more about atheism, please begin by reading the [FAQ](https://www.reddit.com/r/atheism/wiki/faq).

If you are a theist, please be aware that proselytizing in any form is strictly prohibited.  

* Feel free to join our [Discord](https://discord.gg/gYPuj8R.",2008-01-25,True,university,2025-05-10
college,https://www.reddit.com/r/college/,2910466.0,The subreddit for discussion related to college and collegiate life.,2008-01-25,True,college students,2025-05-10
antiwork,https://www.reddit.com/r/antiwork/,2864792.0,"A subreddit for those who want to end work, are curious about ending work, want to get the most out of a work-free life, want more information on anti-work ideas and want personal help with their own jobs/work-related struggles.",2013-08-14,True,job hunting,2025-05-10
AskEngineers,https://www.reddit.com/r/AskEngineers/,2659983.0,"Engineers apply the knowledge of math & science to design and manufacture maintainable systems used to solve specific problems. AskEngineers is a forum for questions about the technologies, standards, and processes used to design & build these systems, as well as for questions about the engineering profession and its many disciplines.",2011-03-27,True,career advice,2025-05-10
javascript,https://www.reddit.com/r/javascript/,2403956.0,"Chat about javascript and javascript related projects. Yes, typescript counts. Please keep self promotion to a minimum/reasonable level.",2008-01-25,True,coding bootcamp,2025-05-10
cscareerquestions,https://www.reddit.com/r/cscareerquestions/,2251345.0,CSCareerQuestions is a community for  those who  are in  the process of entering or are already part of the computer science field. Our goal is to help navigate and share challenges of the industry and strategies to be  successful . ,2011-03-18,True,grad school,2025-05-10
AskAcademia,https://www.reddit.com/r/AskAcademia/,2070331.0,"This subreddit is for discussing academic life, and for asking questions directed towards people involved in academia, (both science and humanities).",2011-01-25,True,grad school,2025-05-10
jobs,https://www.reddit.com/r/jobs/,2050754.0,"/r/jobs is the number one community for advice relating to your career. 

Head to our discord for live support: discord.gg/4nJztvj",2008-03-25,True,career advice,2025-05-10
ADHD,https://www.reddit.com/r/ADHD/,2032767.0,"We're an inclusive, disability-oriented peer support group for people with ADHD with an emphasis on science-backed information. Share your stories, struggles, and non-medication strategies. Nearly two million users say they 'feel at home' and 'finally found a place where people understand them'.",2008-10-28,True,grad school,2025-05-10
gamedev,https://www.reddit.com/r/gamedev/,1888440.0,"The subreddit covers various game development aspects, including programming, design, writing, art, game jams, postmortems, and marketing. It serves as a hub for game creators to discuss and share their insights, experiences, and expertise in the industry.",2008-05-19,True,professional development,2025-05-10
marketing,https://www.reddit.com/r/marketing/,1838030.0,"For marketing communications + advertising industry professionals to discuss and ask questions related to marketing strategy, media planning, digital, social, search, campaigns, data science, email, user experience, content, copywriting, segmentation, attribution, data visualization, testing, optimization, and martech. Get advice, ask questions, or discuss any marketing-related topics. We are a support network for people working at brands, businesses, agencies, vendors, and academia.",2008-03-23,True,entry level jobs,2025-05-10
PersonalFinanceCanada,https://www.reddit.com/r/PersonalFinanceCanada/,1677766.0,Your one-stop shop to discuss personal finance within Canada.,2012-01-02,True,new grads,2025-05-10
Teachers,https://www.reddit.com/r/Teachers/,1629156.0,"Dedicated to open discussion about all things teaching.  Please read the rules before posting.  Mail sent directly to mods instead of modmail will be ignored.

‚ñà‚ñà‚ñà‚ñà‚ñà‚ñà‚ñà‚ñà‚ñà‚ñà
‚ñà‚ñà‚ñà‚ñà‚ñà‚ñà‚ñà‚ñà‚ñà‚ñà

Brand new & low karma accounts: please be aware your post may not show up and will need to be screened and manually approved.

‚ñà‚ñà‚ñà‚ñà‚ñà‚ñà‚ñà‚ñà‚ñà‚ñà
‚ñà‚ñà‚ñà‚ñà‚ñà‚ñà‚ñà‚ñà‚ñà‚ñà

No crossposting - Please do not link posts from r/Teachers in other subs, and do not link posts from other subs here.",2008-12-23,True,students,2025-05-10
FinancialCareers,https://www.reddit.com/r/FinancialCareers/,1593600.0,Plan your career in the wide world of finance.,2011-03-04,True,career advice,2025-05-10
AskEconomics,https://www.reddit.com/r/AskEconomics/,1363878.0,"A central repository for questions about economic theory, research, and policy.

Please read the rules before posting, as we remove all comments which break the rules. Answers must be in-depth and comprehensive, or they will be removed. Posts should be in the form of a question.",2011-03-31,True,entry level jobs,2025-05-10
Python,https://www.reddit.com/r/Python/,1354545.0,"The official Python community for Reddit! Stay up to date with the latest news, packages, and meta information relating to the Python programming language. 
---

If you have questions or are new to Python use r/LearnPython",2008-01-24,True,coding bootcamp,2025-05-10
developersIndia,https://www.reddit.com/r/developersIndia/,1320004.0,"A wholesome community made by & for software & tech folks in India.
Have a doubt? Ask it out.",2020-01-21,True,career advice,2025-05-10
ImTheMainCharacter,https://www.reddit.com/r/ImTheMainCharacter/,1275783.0,Main Character: People who act like they're the center of the world and worthy of all the attention.,2021-04-30,True,job hunting,2025-05-10
Conservative,https://www.reddit.com/r/Conservative/,1262003.0,"https://x.com/rcondiscord
https://discord.gg/conservative",2008-01-25,True,college students,2025-05-10
malaysia,https://www.reddit.com/r/malaysia/,1242922.0,A subreddit about Malaysia and all things Malaysian.,2008-01-26,True,coding bootcamp,2025-05-10
ApplyingToCollege,https://www.reddit.com/r/ApplyingToCollege/,1235561.0,"r/ApplyingToCollege is the premier forum for college admissions questions, advice, and discussions, from college essays and scholarships to college list help and application advice, career guidance, and more. A2C supports a welcoming and inclusive environment. Harassment, intimidation, and bullying are not tolerated.",2013-08-02,True,college students,2025-05-10
resumes,https://www.reddit.com/r/resumes/,1211659.0,Get help with your resume! Checkout the wiki and/or sidebar for resources and info!,2009-06-14,True,internships,2025-05-10
cybersecurity,https://www.reddit.com/r/cybersecurity/,1207056.0,"This subreddit is for technical professionals to discuss cybersecurity news, research, threats, etc.",2012-05-22,True,entry level jobs,2025-05-10
Accounting,https://www.reddit.com/r/Accounting/,1149060.0,Primarily for accountants and aspiring accountants to learn about and discuss their career choice. Advice and questions welcome.,2009-04-03,True,career advice,2025-05-10
nursing,https://www.reddit.com/r/nursing/,1059677.0,,2009-10-18,True,new grads,2025-05-10
sysadmin,https://www.reddit.com/r/sysadmin/,1045157.0,A reddit dedicated to the profession of Computer System Administration.,2008-10-21,True,career advice,2025-05-10
recruitinghell,https://www.reddit.com/r/recruitinghell/,995413.0,"Did a recruiter make you send them a resume and still fill out all the same information on their website?  Did a candidate send a cover letter that just says ""PLEASE LET ME WORK HERE""?  Tell us those stories!",2016-01-15,True,internships,2025-05-10
MLS,https://www.reddit.com/r/MLS/,965698.0,"The community for any and all levels of soccer in the United States & Canada, with an emphasis on Major League Soccer.",2009-11-03,True,professional development,2025-05-10
EngineeringStudents,https://www.reddit.com/r/EngineeringStudents/,912806.0,"This is a place for engineering students of any discipline to discuss study methods, get  homework help, get job search advice, and find a compassionate ear when you get a 40% on your midterm after studying all night.",2011-05-04,True,grad school,2025-05-10
GradSchool,https://www.reddit.com/r/GradSchool/,905811.0,"Discussion forum for current, past, and future students of any discipline completing post-graduate studies - taught or research.",2009-08-13,True,grad school,2025-05-10
Repsneakers,https://www.reddit.com/r/Repsneakers/,897647.0,The Internets Largest Replica Footwear Community ,2014-08-19,True,university,2025-05-10
LawSchool,https://www.reddit.com/r/LawSchool/,885944.0,"For current and former Law School Redditors. Ask questions, seek advice, post outlines, etc. This is NOT a forum for legal advice.",2009-10-29,True,internships,2025-05-10
indonesia,https://www.reddit.com/r/indonesia/,883210.0,"Welcome to /r/indonesia. Selamat datang di subreddit /r/indonesia.

Please follow the rules and respect others. Mohon patuhi peraturan subreddit dan hormati orang lain.",2008-08-04,True,coding bootcamp,2025-05-10
casualiama,https://www.reddit.com/r/casualiama/,878701.0,"The casual version of /r/IAmA. Anyone's welcome to host or participate in an AMA. Topics may involve anything from ordinary to extraordinary subject matter. The environment is relaxed, we just ask that you have fun!",2011-10-03,True,college students,2025-05-10
TrollXChromosomes,https://www.reddit.com/r/TrollXChromosomes/,834539.0,A subreddit for rage comics and other memes with a girly slant.,2011-03-31,True,grad school,2025-05-10
newzealand,https://www.reddit.com/r/newzealand/,783899.0,"r/NewZealand, this is New Zealand Today",2008-03-23,True,coding bootcamp,2025-05-10
AskIndia,https://www.reddit.com/r/AskIndia/,774732.0,"Welcome to r/AskIndia, the ultimate Q&A hub for curious minds in India. Connect with fellow Indians and ask away!",2010-12-28,True,career advice,2025-05-10
medicalschool,https://www.reddit.com/r/medicalschool/,759482.0,/r/medicalschool is an international community for medical students,2009-12-10,True,students,2025-05-10
findapath,https://www.reddit.com/r/findapath/,709090.0,"For those who have a hobby, passion, pursuit, or life goal that they want to make a living out of, but don't know how they can get there. We provide paths to all who request, so you can say ""I found a way!"" Be kind and supportive - no hate or judgement allowed here. Part of the Reddit Safe Community Network.
""Be curious, not judgemental."" -Walt Whitman",2013-03-26,True,career advice,2025-05-10
Seattle,https://www.reddit.com/r/Seattle/,704302.0,"The Seattle subreddit. News, current events, meetups, etc.

discord.gg/reddit-seattle",2008-02-28,True,coding bootcamp,2025-05-10
labrats,https://www.reddit.com/r/labrats/,667880.0,"Welcome to r/LabRats! A space for scientists, researchers, and lab workers to share experiment fails, lab wins, and PI woes. Do you need advice, a place to vent, or just some lab-life humor? Want to share your big successes, your awesome protocols, and tricks of the trade? Join your fellow labrats. We also have a discord server!",2011-08-21,True,grad school,2025-05-10
careeradvice,https://www.reddit.com/r/careeradvice/,659347.0,,2010-01-12,True,career advice,2025-05-10
StudentLoans,https://www.reddit.com/r/StudentLoans/,644072.0,"/r/StudentLoans: Reddit's hub for advice, articles, and general discussion about getting and repaying student loans.",2010-04-19,True,grad school,2025-05-10
japanlife,https://www.reddit.com/r/japanlife/,635479.0,"For residents of Japan only - if you do not reside in Japan you are welcome to read, but do not post or comment or you will be removed. 


Anything relevant to living or working in Japan such as lifestyle, food, style, environment, education, technology, housing, work, immigration, sport etc.


Rakuten Employees: Do not attempt to distribute your referral codes. We will treat it as spam. Tell Mikitani to take his forced marketing and shove it where the sun don't shine.",2010-01-16,True,job hunting,2025-05-10
GetEmployed,https://www.reddit.com/r/GetEmployed/,610264.0,"A place dedicated to giving and finding job-related advice, be it for resumes, job applications or career paths.",2012-06-13,True,career advice,2025-05-10
statistics,https://www.reddit.com/r/statistics/,596294.0,"/r/Statistics is going dark from June 12-14th as an act of protest against Reddit's treatment of 3rd party app developers.

_This community will not grant access requests during the protest. Please do not message asking to be added to the subreddit._",2008-03-13,True,grad school,2025-05-10
chicago,https://www.reddit.com/r/chicago/,593414.0,"Chicago, Illinois",2008-01-25,True,coding bootcamp,2025-05-10
phcareers,https://www.reddit.com/r/phcareers/,568784.0,Anything related to careers in the Philippines. Job listing not allowed.,2020-06-22,True,job hunting,2025-05-10
Austin,https://www.reddit.com/r/Austin/,529619.0,"The place for all things Austin, TX.",2008-03-24,True,coding bootcamp,2025-05-10
EDC,https://www.reddit.com/r/EDC/,523474.0,"A Reddit space where people can come together to show and discuss their various EDC items, ask questions and receive advice from fellow carriers, and generally promote the enjoyment of EDC.  You never know when you're going to need it!",2009-12-21,True,college students,2025-05-10
SandersForPresident,https://www.reddit.com/r/SandersForPresident/,503508.0,Bernie Sanders 2028,2013-12-05,True,college students,2025-05-10
Atlanta,https://www.reddit.com/r/Atlanta/,500504.0,"Official Subreddit for all things in and about Atlanta, Georgia, USA and the surrounding metropolitan area.",2008-06-11,True,coding bootcamp,2025-05-10
ITCareerQuestions,https://www.reddit.com/r/ITCareerQuestions/,493567.0,This subreddit is designed to help anyone in or interested in the IT field to ask career-related questions.,2014-02-03,True,career advice,2025-05-10
studentsph,https://www.reddit.com/r/studentsph/,486230.0,"For students from the Philippines, by students from the Philippines. 

For strand, course, admission and related questions, please post on r/CollegeAdmissionsPH.",2019-01-19,True,college students,2025-05-10
BabyBumps,https://www.reddit.com/r/BabyBumps/,482087.0,"A place for pregnant redditors, those who have been pregnant, those who wish to be in the future, and anyone who supports them. Not the place for bump or ultrasound pics, sorry!",2010-11-27,True,job hunting,2025-05-10
sales,https://www.reddit.com/r/sales/,474805.0,"Everything you need to know about sales, selling, business development, lead generation, prospecting, closing and more!  

Recommended books are linked in the menu and sidebar. Read our rules before posting or commenting.  

Selling, recruiting and blog spam will result in an immediate and permanent ban.",2008-05-29,True,career advice,2025-05-10
forhire,https://www.reddit.com/r/forhire/,467250.0,"Some redditors are skilled professionals, some redditors need skilled professionals. 


Scroll down for general information and our rules. Please read through these carefully, as breaking them can be a bannable offense.",2009-05-27,True,professional development,2025-05-10
Dallas,https://www.reddit.com/r/Dallas/,465273.0,"/r/Dallas is a home for discussion and content related to the Dallas/Fort Worth Metroplex. We strive to be a friendly and welcoming community to all of our users whether they are longtime residents of DFW, newcomers, curious redditors, or just visiting.",2008-10-17,True,coding bootcamp,2025-05-10
Denver,https://www.reddit.com/r/Denver/,437765.0,The place for all things related to the Denver metro area,2008-10-01,True,coding bootcamp,2025-05-10
AskNYC,https://www.reddit.com/r/AskNYC/,433216.0,,2012-08-10,True,coding bootcamp,2025-05-10
rant,https://www.reddit.com/r/rant/,397081.0,#**We are no longer allowing posts about politics**,2008-09-30,True,job hunting,2025-05-10
lostgeneration,https://www.reddit.com/r/lostgeneration/,381041.0,"For those who did everything our parents told us to do... now what?

---

Hello everyone! We've gone dark to protest Reddit's API changes towards third party apps.",2009-08-04,True,college students,2025-05-10
MensRights,https://www.reddit.com/r/MensRights/,367991.0,"At the most basic level, men's rights are the legal rights that are granted to men. However, any issue that pertains to men's relationship to society is also a topic suitable for this subreddit. Men's rights are influenced by the way men are perceived by others.

WARNING: Some other subs have bots that will ban you if you post or comment here.",2008-03-19,True,college students,2025-05-10
csMajors,https://www.reddit.com/r/csMajors/,362732.0,All about studying and students of computer science.,2014-10-05,True,college students,2025-05-10
OverwatchUniversity,https://www.reddit.com/r/OverwatchUniversity/,354189.0,"/r/OverwatchUniversity is a subreddit for learning about the game Overwatch. Featuring VOD reviews, guides, answers for all your questions, and more!",2016-05-10,True,university,2025-05-10
Portland,https://www.reddit.com/r/Portland/,351960.0,We specialize in moss and rain,2008-05-26,True,coding bootcamp,2025-05-10
APStudents,https://www.reddit.com/r/APStudents/,336137.0,"No matter what course you are taking, we are a community that helps students earn college credit!",2013-08-20,True,college students,2025-05-10
army,https://www.reddit.com/r/army/,327711.0,United States Army on Reddit,2009-02-24,True,professional development,2025-05-10
BudgetAudiophile,https://www.reddit.com/r/BudgetAudiophile/,308527.0,"This subreddit is for the budget minded audiophile that wants to grow out of soundbars, boomboxes, mini systems, portable bluetooth, lifestyle speakers, and PC peripheral branded audio solutions. 

We focus on education, discussion, and sharing of entry and mid level separate & multi component audio systems.

The only bad audio system, is the one you don't enjoy to the fullest.",2014-01-28,True,entry level jobs,2025-05-10
gradadmissions,https://www.reddit.com/r/gradadmissions/,303960.0,"This subreddit is for anyone who is going through the process of getting into graduate school, and for those who've been there and have advice to give.",2012-02-28,True,university,2025-05-10
UKJobs,https://www.reddit.com/r/UKJobs/,298546.0,"A community intended to provide a place for users wanting to ask questions or create discussions, all related to the UK and jobs within the UK.

Make sure to read the rules before posting or commenting. It is an assumption that by posting on this subreddit you already have a right to work in the UK, if not, there are better subreddits/websites for that information.",2011-03-27,True,job hunting,2025-05-10
leetcode,https://www.reddit.com/r/leetcode/,296647.0,Discuss interview prep strategies and leetcode questions,2017-07-08,True,new grads,2025-05-10
Slovakia,https://www.reddit.com/r/Slovakia/,287938.0,"Do you want to discuss something with Slovaks or people living in Slovakia? You are at the right place.


Come and also join our Discord server:

https://discord.gg/bAK9HGDw",2009-05-14,True,entry level jobs,2025-05-10
delhiuniversity,https://www.reddit.com/r/delhiuniversity/,285836.0,A reddit page for the most vibrant university in India.,2016-08-10,True,university,2025-05-10
ExperiencedDevs,https://www.reddit.com/r/ExperiencedDevs/,283101.0,"For experienced developers. This community should be specialized subreddit facilitating discussion amongst individuals who have gained some ground in the software engineering world. 

Any posts or comments that are made by inexperienced individuals (outside of the weekly Ask thread) should be reported.

Anything not specifically related to development or career advice that is _specific_ to Experienced Developers belongs elsewhere. Try /r/work, /r/AskHR, /r/careerguidance, or /r/OfficePolitics.",2018-01-22,True,career advice,2025-05-10
MBA,https://www.reddit.com/r/MBA/,282615.0,"Learn about MBA programs, applying to them, and what life is like while in one and afterwards. 

Please make sure to read our rules and wiki before posting.",2009-10-30,True,college students,2025-05-10
SGExams,https://www.reddit.com/r/SGExams/,281688.0,"W·¥á ü·¥Ñ·¥è·¥ç·¥á ·¥õ·¥è  Ä/SGEx·¥Ä·¥çs ‚Äì the largest community on reddit discussing education and student life in Singapore!

SGExams is also more than a subreddit - we're a registered nonprofit that organises initiatives supporting students' academics, career guidance, mental health and holistic development, such as webinars and mentorship programmes. Interested in our programmes? Follow us on Instagram (instagram.com/sgexams) or look out for the pinned posts on the subreddit for updates! ¬© Es·¥õ·¥Ä ô ü…™s ú·¥á·¥Ö MMXVII",2017-10-26,True,internships,2025-05-10
learnjavascript,https://www.reddit.com/r/learnjavascript/,278194.0,"This subreddit is for anyone who wants to learn JavaScript or help others do so. 

Questions and posts about frontend development in general are welcome, as are all posts pertaining to JavaScript on the backend.",2012-04-04,True,coding bootcamp,2025-05-10
PinoyProgrammer,https://www.reddit.com/r/PinoyProgrammer/,275863.0,"Community of Pinoy programmers to share ideas, projects, job vacancies and socialize with fellow programmers.",2014-09-08,True,coding bootcamp,2025-05-10
askTO,https://www.reddit.com/r/askTO/,272697.0,A subreddit for people to submit questions to Torontonians and about Toronto and receive constructive responses.,2013-06-13,True,coding bootcamp,2025-05-10
CompTIA,https://www.reddit.com/r/CompTIA/,265862.0,"From the ""looking to get certified,"" to conversations/questions from current students, to certified and working professionals - this subreddit is dedicated to CompTIA certifications. It is not owned, moderated or sponsored in any way by CompTIA.",2011-06-16,True,entry level jobs,2025-05-10
Btechtards,https://www.reddit.com/r/Btechtards/,254690.0,"A community for BTech and Engineering students, aspirants & STEM enthusiasts. From serious discussions, advice-guidance, suggestions to shitposts.",2021-10-17,True,internships,2025-05-10
androiddev,https://www.reddit.com/r/androiddev/,252648.0,"News for Android developers with the who, what, where, when and how of the Android community. 

News / Articles / Talks / Tools / Open source!",2009-07-12,True,professional development,2025-05-10
jobsearchhacks,https://www.reddit.com/r/jobsearchhacks/,243864.0,"Forget traditional job searching - improve your odds with good tips, tricks and tactics that help you stand out.",2012-05-01,True,job hunting,2025-05-10
UniUK,https://www.reddit.com/r/UniUK/,243806.0,"Got a question about going to uni in the UK? Want to find out more and speak to others about their course/uni? Not sure if you can eat something that's been loafing in your fridge for 3 weeks, and gone a dubious shade of purple-green? This is the place for you.                  



If you want to post a survey for your dissertation, please make sure your post includes all information required by the rules linked in our wiki!",2016-02-29,True,university,2025-05-10
Indian_Academia,https://www.reddit.com/r/Indian_Academia/,236288.0,"
A subreddit for discussions about Indian higher education, research, admissions process, career advice, resource sharing, and similar topics.",2018-04-22,True,career advice,2025-05-10
ClashOfClansRecruit,https://www.reddit.com/r/ClashOfClansRecruit/,235268.0,Want to advertise your Clash Of Clans clan? Looking for a new clan? Post it here!,2014-02-23,True,entry level jobs,2025-05-10
SampleSize,https://www.reddit.com/r/SampleSize/,235206.0,"A place for surveys and polls to be posted. Research studies for school purposes are welcome as well as opinion polls

We are also a place for people who enjoy responding to surveys to gather and help people obtain responses for their research.

Questions about a mild level of statistics or wording of surveys are also permitted.",2012-02-21,True,college students,2025-05-10
IndiaCareers,https://www.reddit.com/r/IndiaCareers/,212096.0,"Welcome to IndiaCareers, your go-to hub for career advice, job opportunities, and professional growth in India! Whether you're a fresh graduate, an experienced professional, or looking to make a career switch, our community offers support, resources, and discussions on various industries, resume building, interview tips, career advancement, and more. Join us to connect with like-minded individuals, share your experiences, and find guidance to achieve your career goals in India!






",2015-10-26,True,career advice,2025-05-10
ECE,https://www.reddit.com/r/ECE/,211147.0,A subreddit for discussion of all things electrical and computer engineering.,2009-07-20,True,internships,2025-05-10
education,https://www.reddit.com/r/education/,210485.0,"The goal of r/Education is to provide a community in which educational stakeholders can participate in meaningful, reflective, and thought-provoking discourse about educational policy, research, technology, and politics. Additional Keywords, teachers, students, education",2008-03-21,True,college students,2025-05-10
Studium,https://www.reddit.com/r/Studium/,208938.0,Die deutschsprachige Community rund um das Studium.,2013-04-10,True,college students,2025-05-10
MechanicalEngineering,https://www.reddit.com/r/MechanicalEngineering/,194552.0,"The gathering place for mechanical engineers to discuss current technology, methods, jobs, and anything else related to mechanical engineering.",2010-12-28,True,entry level jobs,2025-05-10
projectmanagement,https://www.reddit.com/r/projectmanagement/,187473.0,"This is a safe and open environment dedicated to the promotion of project management methodologies, with the purpose of fostering and promoting free discussion about all things project management.

Check out r/PMcareers for career related posts.",2009-09-03,True,career advice,2025-05-10
longisland,https://www.reddit.com/r/longisland/,180169.0,Fuck /u/spez,2008-07-16,True,job hunting,2025-05-10
biotech,https://www.reddit.com/r/biotech/,180036.0,"News about any technological application that uses biological systems, living organisms, or derivatives thereof, to make or modify products or processes for specific use. | Or we can talk about career advice. Whatever.",2009-05-14,True,career advice,2025-05-10
pharmacy,https://www.reddit.com/r/pharmacy/,179704.0,"A subreddit for pharmacists, pharmacy students, techs, and anyone else in the pharmaceutical industry.",2008-07-01,True,new grads,2025-05-10
StudentNurse,https://www.reddit.com/r/StudentNurse/,174772.0,Practically anything and everything related to nursing school.,2012-12-09,True,new grads,2025-05-10
Beatmatch,https://www.reddit.com/r/Beatmatch/,174483.0,"Beginner/entry-level DJing - troubleshooting, you advice, question/answer, etc.",2011-10-08,True,entry level jobs,2025-05-10
civilengineering,https://www.reddit.com/r/civilengineering/,173954.0,A community dedicated to Civil Engineers and those aspiring to be. Please read the rules before participating.,2008-11-07,True,career advice,2025-05-10
humanresources,https://www.reddit.com/r/humanresources/,168036.0,"A subreddit for Human Resources professionals: come here to seek career advice, ask questions and get feedback from peers within the HR Community around the world whether you're brand new to HR or a seasoned vet.",2008-05-29,True,professional development,2025-05-10
SuggestALaptop,https://www.reddit.com/r/SuggestALaptop/,167846.0,A place for prospective laptop buyers to get suggestions from people who know the intimate details of the hardware. Please use the laptop form while posting a new request: bit.ly/3cIzaWC,2010-09-27,True,college students,2025-05-10
psychologystudents,https://www.reddit.com/r/psychologystudents/,162828.0,"We are a place for students of psychology to discuss study methods, receive assistance with homework, enquire for job-searching advice, and all else that come to mind.

This community is aimed at those at the beginner to intermediate level, generally in or around undergraduate studies. Graduate students and professionals are recommended to our sister subreddit, r/AcademicPsychology.",2012-11-10,True,grad school,2025-05-10
AcademicPsychology,https://www.reddit.com/r/AcademicPsychology/,162631.0,"A place to share and discuss articles/issues related to all fields of psychology. Discussions should be of an academic nature, avoiding ‚Äòpop psychology.‚Äô This is also a place to talk about your own psychology research, methods, and career in order to gain input from our vast psychology community.
This subreddit is generally aimed at those in an intermediate to master level, mostly in/around graduate school, or for professionals; undergraduates, etc., are recommended for r/psychologystudents.",2011-07-01,True,grad school,2025-05-10
dataanalysis,https://www.reddit.com/r/dataanalysis/,162548.0,"This is a place to discuss and post about data analysis.

Rules:

- Career-focused questions belong in r/DataAnalysisCareers
- Comments should remain civil and courteous.
- All reddit-wide rules apply here.
- Do not post personal information.
- No facebook or social media links.
- Do not spam.
- No 3rd party URL shorteners",2014-07-29,True,entry level jobs,2025-05-10
berkeley,https://www.reddit.com/r/berkeley/,160718.0,"A subreddit for the community of UC Berkeley as well as the surrounding City of Berkeley, California.",2008-02-27,True,students,2025-05-10
Liverpool,https://www.reddit.com/r/Liverpool/,158096.0,"Culture, events and general chat about the City of Liverpool and its region. Promotion of Liverpool-related businesses or events is allowed.",2009-07-10,True,coding bootcamp,2025-05-10
Professors,https://www.reddit.com/r/Professors/,157423.0,"This sub is for discussions amongst college & university faculty. Whether you are an adjunct, a lecturer, a grad TA or tenured stream if you teach students at the college level, this space is for you! While we welcome students and non-academics lurking and learning, posts and comments are not allowed. If you're new here, please familiarize yourself with the sub rules and follow them. If you're ever unsure, feel free to reach out to the moderators for clarification.",2011-09-14,True,college students,2025-05-10
teaching,https://www.reddit.com/r/teaching/,157268.0,,2009-05-14,True,professional development,2025-05-10
editors,https://www.reddit.com/r/editors/,155498.0,"This subreddit is geared towards post-professionals. 

Are you trying to become a pro? Feel free to use our ""ASK a PRO"" thread. 

Side hustle? Use the ""Ask a Pro"" thread.

Hobby? For fun? Our sister sub r/videoediting is what you want!",2008-12-07,True,career advice,2025-05-10
Veterans,https://www.reddit.com/r/Veterans/,155034.0,"This is a subreddit for news, information and events that may interest veterans of any nation. 

We are here to support one another, and help resolve any Veteran‚Äôs related issues for both veterans and their dependents.

If you are visiting r/veterans for the first time please read the rules.

If you need help: 
Veteran Crisis Hotline   Dial 988 Press 1 Call or Text or Chat",2009-11-10,True,coding bootcamp,2025-05-10
Neuropsychology,https://www.reddit.com/r/Neuropsychology/,154703.0,"Neuropsychology is both an experimental and clinical branch of psychology that aims to understand how cognitive functions (memory, attention, etc.) and behavior are related to brain structure and functioning. Although the focus is typically on how injuries or illnesses of the brain (i.e., pathological functions) affect cognition and behavior, it also includes the study normal (i.e., non-pathological) functioning, cognition, and behavior. ",2010-02-03,True,professional development,2025-05-10
6thForm,https://www.reddit.com/r/6thForm/,148330.0,"A place for sixth formers to speak to others about work, A-levels, results, problems in education and general sixth form life, as well as university applications and UCAS.",2013-08-27,True,university,2025-05-10
WGU,https://www.reddit.com/r/WGU/,146910.0,"Place for Western Governors University students, faculty and alumni to offer positive discussions and positive support for each other.",2011-03-25,True,university,2025-05-10
IndustrialDesign,https://www.reddit.com/r/IndustrialDesign/,144956.0,"A community for Industrial Design students and professionals. Discussing projects, school advice, sketches, portfolios and career help.",2008-06-15,True,career advice,2025-05-10
cscareerquestionsEU,https://www.reddit.com/r/cscareerquestionsEU/,144587.0,A subreddit for those with questions about computer science & IT careers within Europe,2017-02-20,True,internships,2025-05-10
Dentistry,https://www.reddit.com/r/Dentistry/,144354.0,"Discussions and links of interest for dental professionals on all things dentistry. 

Questions and stories from patients should be redirected to r/askdentists.",2010-04-25,True,new grads,2025-05-10
publichealth,https://www.reddit.com/r/publichealth/,142927.0,"This community is a space for public health professionals to discuss news, trends, new research, and updates in the field.",2009-10-06,True,career advice,2025-05-10
AskComputerScience,https://www.reddit.com/r/AskComputerScience/,138807.0,Ask Computer Science Questions And Get Answers!  This subreddit is intended for questions about topics that might be taught by a computer science department at a university.,2011-05-11,True,coding bootcamp,2025-05-10
quant,https://www.reddit.com/r/quant/,135404.0,"A subreddit for the quantitative finance: discussions, resources and research.",2008-07-08,True,career advice,2025-05-10
BlueArchive,https://www.reddit.com/r/BlueArchive/,134856.0,"Blue Archive is an RPG mobile title developed by NAT GAMES, Published by Nexon KR (Global) and Yostar (Japan). The player will be a teacher that leads their students into various incidents around the city.",2020-07-16,True,students,2025-05-10
nathanforyou,https://www.reddit.com/r/nathanforyou/,134755.0,"A place to post and discuss anything  and everything related to our favorite Canadian business school grad, Nathan Fielder.",2013-02-28,True,grad school,2025-05-10
UofT,https://www.reddit.com/r/UofT/,131431.0,"All things pertaining to academic, social, and cultural activities at the University of Toronto.",2009-10-29,True,grad school,2025-05-10
LawStudentsPH,https://www.reddit.com/r/LawStudentsPH/,126291.0,"The place for those who are currently enrolled in law school, and those who already passed the Bar. 

Please Read the Rules and FAQ of the Sub before posting.",2018-04-05,True,students,2025-05-10
gis,https://www.reddit.com/r/gis/,126220.0,A community dedicated to everything GIS (Geographic Information Systems).,2008-09-20,True,professional development,2025-05-10
nus,https://www.reddit.com/r/nus/,125532.0,"Welcome to the **[National University of Singapore](http://www.nus.edu.sg/)** subreddit!
Put the word out for any redditors you know out there.

Posts should be related to NUS. Exchange students/visitors are more than welcome!

Any suggestions or feedback for information to go onto the sidebar are welcome as well!

---

**Good to Know**

* **[NUS Calendar of Events](https://myaces.nus.edu.sg/CoE/)**

* [NUS EZLink Concession Information](http://",2010-01-04,True,internships,2025-05-10
EngineeringResumes,https://www.reddit.com/r/EngineeringResumes/,118896.0,A place to review and discuss engineering resumes. Please read the wiki before posting!,2015-03-31,True,internships,2025-05-10
ChemicalEngineering,https://www.reddit.com/r/ChemicalEngineering/,115619.0,All things Chemical Engineering!,2009-04-14,True,career advice,2025-05-10
Big4,https://www.reddit.com/r/Big4/,115339.0,"Welcome to r/Big4, a place to discuss everything related to the Big 4 accounting firms: PwC, Deloitte, EY, & KPMG.",2012-12-01,True,internships,2025-05-10
PhysicsStudents,https://www.reddit.com/r/PhysicsStudents/,110730.0,A place for physics students of any level to discuss the intricate profoundness of the universe.,2013-03-19,True,grad school,2025-05-10
medlabprofessionals,https://www.reddit.com/r/medlabprofessionals/,107126.0,"Medical Lab Scientists
Medical Lab Technicians
Cytogeneticists
Cytotechnologists
Histologists
Phlebotomists
Lab Processors",2013-07-15,True,new grads,2025-05-10
RemoteJobHunters,https://www.reddit.com/r/RemoteJobHunters/,105438.0,"Landing an entry-level remote role can be a long, lonely process. But with this subreddit, you will never be alone!

Here you can find entry-level remote jobs and paid internships; ask questions; and so much more.",2021-05-19,True,internships,2025-05-10
HireaWriter,https://www.reddit.com/r/HireaWriter/,104916.0, Welcome to the writer's corner! Please make sure you read the rules before posting and commenting.,2014-01-01,True,entry level jobs,2025-05-10
ABCDesis,https://www.reddit.com/r/ABCDesis/,104470.0,ABCDesis (Abroad-Born Confused Desis) is a place for members of the South Asian diaspora who were raised outside of South Asia to share their experiences and be a part of the collective global Desi diaspora community. ,2013-09-07,True,career advice,2025-05-10
PHJobs,https://www.reddit.com/r/PHJobs/,103167.0,Soon the No. 1 Job Office for the Philippines,2017-12-12,True,job hunting,2025-05-10
uwaterloo,https://www.reddit.com/r/uwaterloo/,102236.0,Unofficial student and alumni-run subreddit for the University of Waterloo community,2009-10-28,True,university,2025-05-10
MoneyDiariesACTIVE,https://www.reddit.com/r/MoneyDiariesACTIVE/,100517.0,"A friendly, supportive, inclusive, women-focused community where we share our own 7-day Money Diaries, money tips and stories, ask questions and just discuss money, life and R29 Money Diaries. Not affiliated with Refinery29.",2019-06-06,True,career advice,2025-05-10
cambridge,https://www.reddit.com/r/cambridge/,98324.0,"Cambridge, England, United Kingdom.",2008-01-28,True,coding bootcamp,2025-05-10
UniversityofReddit,https://www.reddit.com/r/UniversityofReddit/,96463.0,"Welcome to the University of Reddit, a place for redditors to learn!",2010-05-07,True,university,2025-05-10
gamemaker,https://www.reddit.com/r/gamemaker/,94908.0,"This subreddit is dedicated to providing programmer support for the game development platform, GameMaker Studio. GameMaker Studio is designed to make developing games fun and easy. Coders can take advantage of its built in scripting language, ""GML"" to design and create fully-featured, professional grade games. This subreddit is not designed for promoting your content and is instead focused on helping people make games, not promote them.",2009-04-03,True,professional development,2025-05-10
ItaliaCareerAdvice,https://www.reddit.com/r/ItaliaCareerAdvice/,92954.0,"Branch italiano del sub CareerAdvice inglese, comunit√† dove ci si scambia esperienze e consigli sulla propria carriera.",2021-05-06,True,career advice,2025-05-10
physicianassistant,https://www.reddit.com/r/physicianassistant/,91588.0,"Welcome to our virtual space for all things related to Physician Associates. Participation is open to anyone, including PAs, NPs, physicians, nurses, students, medical professionals, and the general public. Please review our 10 rules before contributing.

For pre-PA help, check out /r/prephysicianassistant. PA students may be interested in /r/PAstudent for discussions about PA school.",2011-10-27,True,new grads,2025-05-10
internships,https://www.reddit.com/r/internships/,89036.0,Discussions about navigating internships and co-ops. Everything about the process and experience from application to full time offer.,2010-08-15,True,internships,2025-05-10
businessanalysis,https://www.reddit.com/r/businessanalysis/,88531.0,"Welcome to the Business Analysis Hub.
Our friendly Reddit community is here to make the exciting field of business analysis accessible to everyone. 

As a member of our community, you'll enjoy:
üìö Easy-to-understand explanations of business analysis concepts, without the jargon. 
üí° Practical tips and techniques to sharpen your analytical skills. 
üåê Engaging discussions on the latest trends and best practices in the industry. 
",2009-08-07,True,professional development,2025-05-10
CodingHelp,https://www.reddit.com/r/CodingHelp/,86018.0,**Join our discord server**: https://discord.gg/r-codinghelp-359760149683896320,2015-09-01,True,coding bootcamp,2025-05-10
scholarships,https://www.reddit.com/r/scholarships/,84632.0,"Looking for scholarships? This subreddit lists opportunities for **U.S. students** who are seeking free money for college. Come back often, as we frequently add new scholarships to our growing list of available awards.",2011-12-22,True,college students,2025-05-10
TEFL,https://www.reddit.com/r/TEFL/,82354.0,Questions and discussion about everything related to Teaching English as a Foreign Language (TEFL) around the world.,2008-12-20,True,professional development,2025-05-10
physicaltherapy,https://www.reddit.com/r/physicaltherapy/,81675.0,"If you are not a licensed PT, PTA, student counterpart or other healthcare professional please do not post here. This is a sub for practicing physical therapists to discuss cases, research, old and new tricks, or other therapy-relevant topics.  

Requests for advice or education regarding your personal health issues will be removed and you may be banned.  These questions should be discussed directly with your physical therapist.",2012-02-10,True,new grads,2025-05-10
cissp,https://www.reddit.com/r/cissp/,80524.0,"This sub is for those that are pursuing the CISSP¬Æ and those that have taken the exam and wish to provide feedback on the study methodology and materials employed.  This sub is not supported or managed by ISC2 or its affiliates.  This is an unofficial CISSP¬Æ Reddit sub.

Information about experience requirements/endorsement/CPEs can be found at https://www.isc2.org/",2011-03-30,True,professional development,2025-05-10
taxpros,https://www.reddit.com/r/taxpros/,80141.0,"A community for Redditors who are tax professionals to discuss professional development, firm procedures, news, policy, software, AICPA/IRS changes, news/updates about law relating to any tax - U.S. and International, Federal, State, or local.",2014-07-02,True,professional development,2025-05-10
rutgers,https://www.reddit.com/r/rutgers/,79326.0,"The official subreddit for Rutgers University 
 
RU RAH RAH",2010-02-18,True,coding bootcamp,2025-05-10
Veterinary,https://www.reddit.com/r/Veterinary/,73398.0,,2009-11-12,True,new grads,2025-05-10
SecurityCareerAdvice,https://www.reddit.com/r/SecurityCareerAdvice/,69379.0,"Like CSCareerQuestions, only cooler. This is a place to connect those seeking to learn with those who have walked the path before. Ask your questions about cybersecurity careers here, and mentors can choose to answer as they have time.

Ask. Mentor. Grow.",2018-12-19,True,career advice,2025-05-10
codingbootcamp,https://www.reddit.com/r/codingbootcamp/,68547.0,A subreddit dedicated to questions and discussions about coding bootcamps.,2015-02-22,True,coding bootcamp,2025-05-10
nonprofit,https://www.reddit.com/r/nonprofit/,67039.0,"r/Nonprofit is a community for conversations about the opportunities and challenges you face working at or volunteering for nonprofits. This is also a place for constructive discussions about issues in the social sector, movement building, and philanthropy. ü§© Before posting, search the sub, read the wiki, and follow the rules.",2008-08-24,True,professional development,2025-05-10
highereducation,https://www.reddit.com/r/highereducation/,62780.0,"A subreddit for News and Policy--and discussion about higher education in an increasingly difficult time. Ideal for people working in and around higher ed‚Äî or those interested in joining! 
Please Note: Students- this is the NEWS & POLICY sub. You're looking for r/gradschool",2009-06-10,True,college students,2025-05-10
udub,https://www.reddit.com/r/udub/,61982.0,The unofficial subreddit of the University of Washington,2009-10-27,True,university,2025-05-10
actuary,https://www.reddit.com/r/actuary/,61621.0,"Subreddit for actuarial professionals, students and interested (innocent) bystanders. Note that this subreddit is primarily US/CAN focused, however all countries are free to participate.",2008-11-25,True,internships,2025-05-10
deloitte,https://www.reddit.com/r/deloitte/,61344.0,"Community for people who work for Deloitte (or any of its partner firms). This is NOT an officially supported forum, and is primarily for informal discussion between employees.
",2011-06-03,True,new grads,2025-05-10
programmingcirclejerk,https://www.reddit.com/r/programmingcirclejerk/,59700.0,"Linus is wearing a blue shirt!

zomg noSQL u guise!

Apple Google Facebook NSA

I rewrote ""hello world"" in ~~Fortran~~ ~~Pascal~~ ~~C~~ ~~Perl~~ ~~Ruby~~ ~~Lisp~~ ~~Haskell~~ ~~Clojure~~ ~~NodeJS~~ ~~Go~~ ~~Rust~~ ~~Blockchain~~ AI",2012-07-15,True,coding bootcamp,2025-05-10
collegeresults,https://www.reddit.com/r/collegeresults/,58507.0,Subreddit dedicated to compiling data about undergraduate and transfer admissions. All students are encouraged to post their stats and college decisions. Current applicants are welcome to browse through past posts!,2015-10-16,True,college students,2025-05-10
slp,https://www.reddit.com/r/slp/,58500.0,"A community of Speech-Language Pathologists (SLPs), Speech Therapists (STs), Speech-Language Therapists (SLTs), Clinical Fellowship Clinicians (SLP-CFs), Speech-Language Pathology Assistants (SLPAs), graduate clinicians and students. We discuss ideas, stories, information, and give general advice through our personal experience and research. 

Please join /r/SLPGradSchool for pre-graduate school and graduate school related discussion.",2011-06-05,True,grad school,2025-05-10
Resume,https://www.reddit.com/r/Resume/,56475.0,A community where people can submit their resumes for anonymous feedback. General resume questions and discussions are welcomed as well.,2009-03-19,True,new grads,2025-05-10
foodscience,https://www.reddit.com/r/foodscience/,54753.0,"A professional place to discuss questions regarding food science and technology, as well as the greater food industry.

Join our Discord channel for more in depth discussions.

Link: https://discord.gg/x7DbTkAe9D

(For culinary or nutrition questions, visit r/AskCulinary or r/Nutrition.)",2009-01-22,True,grad school,2025-05-10
springfieldMO,https://www.reddit.com/r/springfieldMO/,54298.0,"A vibrant community for Springfield, Missouri, and the 417 area code! Whether you‚Äôre a resident, visitor, college student, or just passing through the heart of the Ozarks, join us for local news, events, discussions, and all things Springfield and the surrounding Ozarks region.",2008-05-29,True,college students,2025-05-10
nursepractitioner,https://www.reddit.com/r/nursepractitioner/,54137.0,"This is a platform designed to inform and unite the NP community. 

Asking for advice, practice information, the job market, and general banter is encouraged!",2012-10-04,True,new grads,2025-05-10
ufl,https://www.reddit.com/r/ufl/,51773.0,"This is the unofficial subreddit for the University of Florida, a public university located in Gainesville, Florida.",2010-02-24,True,university,2025-05-10
yorku,https://www.reddit.com/r/yorku/,50939.0,"The unofficial subreddit for York University, Toronto, Canada. The 3rd largest university in Canada. Also home to the Schulich School of Business and the Osgoode Hall Law School.",2010-12-20,True,university,2025-05-10
Career_Advice,https://www.reddit.com/r/Career_Advice/,50057.0,This subreddit helps redditors find their perfect career by finding out exactly what their passion is.,2012-10-03,True,career advice,2025-05-10
geologycareers,https://www.reddit.com/r/geologycareers/,49465.0,"Advice, advertisements and other topics relating to any and all jobs in geology; from paleontology to igneous petrology and the energy industry.",2013-05-09,True,grad school,2025-05-10
PennStateUniversity,https://www.reddit.com/r/PennStateUniversity/,47671.0,The reddit home of Pennsylvania State University. We Are!,2010-01-26,True,university,2025-05-10
girlsgonewired,https://www.reddit.com/r/girlsgonewired/,47478.0,Where girls get their geek on.,2012-10-04,True,coding bootcamp,2025-05-10
AccountingPH,https://www.reddit.com/r/AccountingPH/,46307.0,"Accounting Subreddit for Filipinos

Students, Reviewees and CPA professionals are welcome here.

For Students and Reviewees: Ask questions, post review materials, and share your experiences

For CPA professionals: Share your experiences, give advices, ask for help

For EVERYONE: Enjoy your stay and welcome to a material world.",2018-06-17,True,job hunting,2025-05-10
OccupationalTherapy,https://www.reddit.com/r/OccupationalTherapy/,45623.0,"This is a subreddit to celebrate all things Occupational Therapy. Whether you are an OT, know an OT, want to be an OT, or just want to hang out with some OT's, you are welcome here.",2010-12-20,True,new grads,2025-05-10
UniversityOfHouston,https://www.reddit.com/r/UniversityOfHouston/,44777.0,"A subreddit for students, alumni or fans of the University of Houston.

GO COOGS!",2010-04-23,True,university,2025-05-10
University,https://www.reddit.com/r/University/,44581.0,University. Ask questions and give answers so that everyone moves forward.,2008-11-25,True,university,2025-05-10
instructionaldesign,https://www.reddit.com/r/instructionaldesign/,43795.0,"The practice of creating ""instructional experiences which make the acquisition of knowledge and skill more efficient, effective, and appealing."" This community aims to foster inclusive discussion and collaboration between professionals from around the world. Participation is open to everyone, but our policies and moderation aim to keep the sub interesting and relevant to people who are established in their careers.",2012-10-10,True,professional development,2025-05-10
stanford,https://www.reddit.com/r/stanford/,43600.0,A subreddit for current students and alums to talk about Stanford stuff.,2009-09-21,True,college students,2025-05-10
Environmental_Careers,https://www.reddit.com/r/Environmental_Careers/,42967.0,"A place to discuss careers and professional development related to environmental sciences and engineering, including compliance, permitting, assessments, remediation, and related fields.  An emphasis is placed on career advice and job hunting.",2016-12-29,True,career advice,2025-05-10
Nurses,https://www.reddit.com/r/Nurses/,42847.0,A community for nurses.,2009-03-07,True,new grads,2025-05-10
librarians,https://www.reddit.com/r/librarians/,41649.0,"For public, academic, special, and prospective librarians discussing librarianship, library management, information science and any topic relevant to this profession.",2008-12-04,True,professional development,2025-05-10
CyberSecurityJobs,https://www.reddit.com/r/CyberSecurityJobs/,41014.0,A forum for discussing cybersecurity career information.,2016-02-14,True,entry level jobs,2025-05-10
90daysgoal,https://www.reddit.com/r/90daysgoal/,40967.0,We're changing our lives... 90 days at a time!,2010-08-11,True,professional development,2025-05-10
ExecutiveAssistants,https://www.reddit.com/r/ExecutiveAssistants/,40506.0,"This subreddit is for Executive Assistants to share resources, tips, stories, ask questions, or vent about their bosses!",2015-04-08,True,professional development,2025-05-10
DentalHygiene,https://www.reddit.com/r/DentalHygiene/,39037.0,"This sub is a place for Dental Hygienists, Dental Hygiene students, and the general public to ask questions and comment about dental hygiene. Dental hygiene is a broad topic so we are pretty lenient on topics. Please read the rules for clarity. All posts must be approved by a mod before they will show up so be patient with us.  
Don't forget to floss your teeth!",2011-09-01,True,new grads,2025-05-10
UKUniversityStudents,https://www.reddit.com/r/UKUniversityStudents/,38564.0,"This sub is about discussing  Uni life in the UK. Share your views, seek advice on study, careers, and get help from fellow students and staff. ",2014-11-25,True,students,2025-05-10
Hermeticism,https://www.reddit.com/r/Hermeticism/,38109.0,"This subreddit is a community for the discussion of Classical Hermeticism, a religious, philosophical, and esoteric tradition based primarily upon writings attributed to Hermes Trismegistus (""thrice-greatest Hermes"").",2013-03-03,True,entry level jobs,2025-05-10
CRNA,https://www.reddit.com/r/CRNA/,35908.0,A place to discuss Nurse Anesthesia.,2013-03-03,True,new grads,2025-05-10
austinjobs,https://www.reddit.com/r/austinjobs/,35867.0,,2011-05-27,True,job hunting,2025-05-10
IOPsychology,https://www.reddit.com/r/IOPsychology/,35452.0,"/r/iopsychology is dedicated to all things IO psychology. As a highly interdisciplinary field, we promote research and practice in IO domains as well as areas of communication, knowledge management, business, sociology, economics, and MIS.


Topics to consider for discussion include, but are not limited to, HRM (e.g., selection, training, recruitment), OB (e.g., leadership, OHP, creativity), Psychometrics, as well as new or emerging subdomains of IO.",2011-06-23,True,grad school,2025-05-10
Careers,https://www.reddit.com/r/Careers/,35282.0,"A community for career discussion, questions and advice.",2009-02-27,True,career advice,2025-05-10
OpenUniversity,https://www.reddit.com/r/OpenUniversity/,34759.0,"An unofficial subreddit for students, staff and anyone interested in the UK's Open University to discuss matters relating to the OU.",2011-01-16,True,university,2025-05-10
NursingStudents,https://www.reddit.com/r/NursingStudents/,34248.0,Closed. Go to /r/StudentNurse,2012-04-18,True,students,2025-05-10
mit,https://www.reddit.com/r/mit/,34112.0,"This sub is a community for students, faculty, staff, and alumni of the Massachusetts Institute of Technology to discuss all aspects of MIT. There is a  separate sub for admissions questions: r/MITAdmissions.",2008-01-25,True,college students,2025-05-10
Internationalteachers,https://www.reddit.com/r/Internationalteachers/,33914.0,"This is a subreddit created for certified and qualified teachers* who teach in international schools - wherever they may be. This is a place to share information and discuss issues related to teaching in international schools. 

**Qualified teachers: possess a minimum of a bachelor's degree and a teaching certification. 

Newbies to the career should read the wiki or join us in the Newbie Question thread recurring every Monday. Questions that are already addressed in the wiki will be deleted.",2015-03-22,True,professional development,2025-05-10
dietetics,https://www.reddit.com/r/dietetics/,30942.0,A place for current and future nutrition professionals to discuss all aspects of the profession.,2012-03-26,True,internships,2025-05-10
academiceconomics,https://www.reddit.com/r/academiceconomics/,29308.0,Unofficial discord: https://discord.gg/4qEc2yp,2009-09-08,True,grad school,2025-05-10
ELATeachers,https://www.reddit.com/r/ELATeachers/,28242.0,A place for English teachers to share ideas and lessons and to brainstorm and collaborate on all things related to English Language Arts.,2012-12-24,True,professional development,2025-05-10
cscareerquestionsCAD,https://www.reddit.com/r/cscareerquestionsCAD/,27963.0,A subreddit for those with questions about working in the tech industry or in a CS/dev/programmer related job specifically in Canada.,2021-03-07,True,new grads,2025-05-10
UniversityTR,https://www.reddit.com/r/UniversityTR/,26536.0,"Reddit T√ºrkiye'nin en aktif ve en b√ºy√ºk √úniversiteliler sayfasƒ±. Yalnƒ±zca T√ºrk√ße ve ƒ∞ngilizce g√∂nderiler kabul edilir.

| Turkey's largest and most active university subreddit. Both Turkish and English posts are welcome. ",2023-08-21,True,university,2025-05-10
veterinaryprofession,https://www.reddit.com/r/veterinaryprofession/,26448.0,"This is a forum for people currently in the veterinary profession or looking to go into the profession to discuss anything related to the veterinary industry such as vet school and entry to vet school, career advice, veterinary related news, difficulties in the veterinary profession, or just discussing the annoying/interesting part of your day.",2016-07-25,True,new grads,2025-05-10
TransferStudents,https://www.reddit.com/r/TransferStudents/,25585.0,A place for conversations about the experience of transferring between colleges and other institutions for higher education.,2018-05-23,True,college students,2025-05-10
respiratorytherapy,https://www.reddit.com/r/respiratorytherapy/,25239.0,"All things RT: Articles, stories, etc.",2012-10-25,True,new grads,2025-05-10
IndianaUniversity,https://www.reddit.com/r/IndianaUniversity/,24140.0,**Proud home of Reddit's best University and Hoosiers.**,2011-04-13,True,university,2025-05-10
InternationalStudents,https://www.reddit.com/r/InternationalStudents/,23086.0,"This is a community for international students to talk about studying in the USA or anywhere else. It can be about anything from getting scholarships, visas, getting internships and jobs, culture, etc.",2016-08-09,True,students,2025-05-10
PAstudent,https://www.reddit.com/r/PAstudent/,21801.0,"This is a subreddit for PA students who are looking for general support, as well as lifestyle and study tips.",2016-11-17,True,new grads,2025-05-10
slpGradSchool,https://www.reddit.com/r/slpGradSchool/,21481.0,"This subreddit has been created specifically for speech-language pathology students to converse about the graduate school application process and for current and former students to discuss, anonymously, everything and anything surrounding the world of SLP schooling. ",2015-09-14,True,grad school,2025-05-10
ProWordPress,https://www.reddit.com/r/ProWordPress/,21291.0,"A sub for Professional WordPress developers to ask advanced questions, problem solving, code snippets, workflow methods, and developer focused talks. Do not spam links! Please use r/WordPress for basic/entry level help. Basic posts, plugin spam, etc will be removed.",2013-01-04,True,entry level jobs,2025-05-10
StartupAccelerators,https://www.reddit.com/r/StartupAccelerators/,20254.0,"Community for everyone who is interested in joining a startup accelerator program, has graduated from one, or has insight into the experience. 

For accelerator program advocates, graduates, and MDs to share accelerator program insights and answers to those who need them!
Ask questions, get answers, SHARE your stories!!!",2014-06-11,True,new grads,2025-05-10
CUNY,https://www.reddit.com/r/CUNY/,20240.0,An online Meet-up for CUNY students to discuss what ever it is you wish to discuss!,2011-05-16,True,college students,2025-05-10
TechCareerShifter,https://www.reddit.com/r/TechCareerShifter/,20044.0,"Welcome to Tech Career Shifter Philippines! We are a community of Filipino career shifters and self-learners who support each other's transition into the tech industry. It is open to everyone aspiring to be a Tech Professional: self-learners, IT/CS students and fresh graduates, and career-shifters alike.",2022-03-05,True,coding bootcamp,2025-05-10
jobsearch,https://www.reddit.com/r/jobsearch/,19262.0,"The subreddit for discussing job hunting strategies and tips, hacks, or anything related to career advancement. If you are tired of seeing ads targeting job seekers, you can come here for a change.",2008-09-30,True,job hunting,2025-05-10
cscareers,https://www.reddit.com/r/cscareers/,18039.0,"For discussion of computer science careers, software development, software engineering. All discussions about CS careers are encouraged not just those beneficial to recruiters and interviewers. Sharing job-finding information, tips/tricks is welcome. Part of the Reddit Safe Community Network.",2015-12-21,True,college students,2025-05-10
Sonographers,https://www.reddit.com/r/Sonographers/,17534.0,"A professional, tech-oriented space for all diagnostic sonographers to share interesting cases, patient stories, CME info, ask questions about education, schooling, vent about job situations, etc. 
Current sonography students & technologists are welcome to post. Career questions are welcome in the weekly thread.  

Laypeople are welcome to use r/radiology or r/ultrasound. 

Please familiarize yourself with the sub rules prior to posting.",2019-01-26,True,new grads,2025-05-10
duke,https://www.reddit.com/r/duke/,17265.0,"Welcome to the Duke University subreddit! Here you can find discussion of anything Duke-related - sports, academics, activities, anything! Tell your friends!",2010-02-02,True,university,2025-05-10
NetworkingJobs,https://www.reddit.com/r/NetworkingJobs/,15269.0,,2012-04-11,True,job hunting,2025-05-10
MedicalPhysics,https://www.reddit.com/r/MedicalPhysics/,15017.0,A place to discuss all things related to Medical Physics,2012-01-23,True,grad school,2025-05-10
PHXList,https://www.reddit.com/r/PHXList/,14716.0,"Phoenix area place for Craigslist/classified ad posts to sell items, look for housing, find a job, report lost pets, find services, and more.",2015-11-02,True,job hunting,2025-05-10
jobhunting,https://www.reddit.com/r/jobhunting/,14260.0,"Welcome to  üíº JobHunting (part of r/RemoteWorkSource )!  This sub is for professional job leads, resume/cover tips, interview advice, and more. **DO NOT SPAM THIS BOARD WITH AFFILIATE JOB LINKS, ARTICLES LINKED TO YOUR FEE-BASED SITES, OR OTHER GARBAGE. ** [Recruiters welcome to post, providing company, name, and email is given.] This sub is run by www.careerpowerup.com.",2013-09-11,True,job hunting,2025-05-10
HuntingGrounds,https://www.reddit.com/r/HuntingGrounds/,13414.0,"Predator: Hunting Grounds is an asymmetrical multiplayer shooter available on Xbox, PlayStation, and PC; developed and published by IllFonic in collaboration with 20th Century Fox.",2019-05-09,True,job hunting,2025-05-10
PMHNP,https://www.reddit.com/r/PMHNP/,12972.0,A place for PMHNPs and others interested in mental health.,2016-04-20,True,new grads,2025-05-10
theNXIVMcase,https://www.reddit.com/r/theNXIVMcase/,11943.0,"Discussing NXIVM, the New York Capital Region-based group that sold expensive  seminars of dubious value. The group was founded by so-called ""Vanguard"" Keith Raniere. 

The organization is commonly called a ""cult,"" and has been termed a ""racketeering enterprise"" by the U.S. government. 

Keith Raniere is today a convicted felon serving a 120-year sentence.",2020-08-23,True,professional development,2025-05-10
managementconsulting,https://www.reddit.com/r/managementconsulting/,11573.0,"A community for management consultants and those who are interested in management consulting. Discuss careers, recruiting, exit opportunities and personal/professional development. Be kind.",2015-07-20,True,professional development,2025-05-10
NursingAU,https://www.reddit.com/r/NursingAU/,11482.0,"A subreddit for nurses, nursing students and clinicians in Australia.",2023-01-10,True,new grads,2025-05-10
gradschoolmemes,https://www.reddit.com/r/gradschoolmemes/,11005.0,"A subreddit for memes relating to grad school, life as a graduate student, etc.",2013-10-27,True,grad school,2025-05-10
GraduateSchool,https://www.reddit.com/r/GraduateSchool/,10355.0,"Discussion forum for current, past, and future students of any discipline completing post-graduate studies - taught or research.",2008-07-08,True,grad school,2025-05-10
dartmouth,https://www.reddit.com/r/dartmouth/,10110.0,"The subreddit for Dartmouth College, the Ivy League school located in Hanover, NH.",2009-11-09,True,college students,2025-05-10
SkillBridge,https://www.reddit.com/r/SkillBridge/,9881.0,Helping transitioning service members find opportunities to participate in training and industry internships within the last 180 days of service.,2021-05-19,True,internships,2025-05-10
OSUOnlineCS,https://www.reddit.com/r/OSUOnlineCS/,9688.0,"A subreddit for students of the Oregon State Online Computer Science BS post-bacc program. Find yourself another classmate, get help, or ask questions :)",2014-11-19,True,coding bootcamp,2025-05-10
SocialWorkStudents,https://www.reddit.com/r/SocialWorkStudents/,9314.0,"This sub is dedicated to students and educators in the field of Social Work. This is a place for us to connect, discuss, get advice and homework help, and develop into our profession. We work to improve the field of Social Work as is within our ethics as professionals.",2019-10-03,True,students,2025-05-10
journalismjobs,https://www.reddit.com/r/journalismjobs/,9295.0,A place to post journalism jobs.,2012-12-14,True,internships,2025-05-10
LawStudentsCanada,https://www.reddit.com/r/LawStudentsCanada/,9192.0,"A place to discuss the Canadian law school application process, law school, and the legal profession.

We also have a Discord server where we talk about law school admissions, the LSAT, beyond law school, and the law generally.",2021-05-29,True,students,2025-05-10
UofB,https://www.reddit.com/r/UofB/,9117.0,"The official subreddit for students, staff and alumni of The University of Birmingham, UK.",2011-09-28,True,university,2025-05-10
GradSchoolAdvice,https://www.reddit.com/r/GradSchoolAdvice/,9046.0,For newer grad students or anyone seeking advice and support regarding grad school. Come on down and ask away.,2015-01-17,True,grad school,2025-05-10
ChristUniversity,https://www.reddit.com/r/ChristUniversity/,8645.0,"Welcome to r/ChristUniversity ‚Äì the unofficial hub for all things Christ University. Whether you're a current student, alumni, aspirant, or just curious, this is your space to discuss academics, campus life, clubs, fests, placements, hostels, and more. Share your experiences, ask questions, find notes, post memes (in the right thread), and build your Christite network. Let‚Äôs keep it respectful, helpful, and fun!",2016-07-15,True,university,2025-05-10
CareerAdvicePH,https://www.reddit.com/r/CareerAdvicePH/,7718.0,"A subreddit focused on providing advice and resources for job seekers and those looking to advance their careers, with discussions on topics such as networking, resumes, and interviews in the Philippines.",2021-11-29,True,career advice,2025-05-10
Students,https://www.reddit.com/r/Students/,7542.0,,2009-05-10,True,students,2025-05-10
SakuraGakuin,https://www.reddit.com/r/SakuraGakuin/,7110.0,A subreddit dedicated to the Japanese pop group Sakura Gakuin and all of their associated sub-groups.,2014-05-04,True,students,2025-05-10
BostonUniversity,https://www.reddit.com/r/BostonUniversity/,6514.0,A Reddit community for all terriers or interested applicants to discuss everything BU!,2011-07-18,True,university,2025-05-10
teflteachers,https://www.reddit.com/r/teflteachers/,5560.0,A subreddit for discussion lesson planning and other activities in our TEFL classrooms and other TEFL teaching related activities. No Job hunting allowed.,2013-01-02,True,job hunting,2025-05-10
ilstu,https://www.reddit.com/r/ilstu/,5269.0,The UNOFFICIAL subreddit of Illinois State University.,2010-11-01,True,university,2025-05-10
UniversityofFlorida,https://www.reddit.com/r/UniversityofFlorida/,5030.0,,2010-09-20,True,university,2025-05-10
statecollege,https://www.reddit.com/r/statecollege/,4944.0,"A subreddit for the citizens of State College, and the Students at Penn State. ",2010-03-15,True,college students,2025-05-10
newgradnurse,https://www.reddit.com/r/newgradnurse/,4837.0,"Welcome to the 'New Grad Nurse' Subreddit!

This is a dedicated space for new graduate nurses to come together, share experiences, ask for advice, and support each other as we navigate the early stages of our nursing careers. Whether you‚Äôre seeking guidance on clinical skills, dealing with the challenges of balancing work and personal life, or simply looking to connect with others who understand what you‚Äôre going through, you‚Äôre in the right place.",2022-02-16,True,new grads,2025-05-10
ThaparUniversity,https://www.reddit.com/r/ThaparUniversity/,4633.0,"The subreddit for the students of Thapar University, Patiala. ",2022-01-19,True,university,2025-05-10
ohiouniversity,https://www.reddit.com/r/ohiouniversity/,4596.0,Welcome to Ohio University,2010-01-13,True,university,2025-05-10
AmericanU,https://www.reddit.com/r/AmericanU/,4167.0,"The community-ran subreddit of American University in Washington, DC. Open to students; current, future and former. Operated in tandem with the American University Discord server, and AU Steam group.",2011-07-07,True,university,2025-05-10
Durhamu,https://www.reddit.com/r/Durhamu/,3887.0,"Your unofficial hub for all things Durham Uni! From collegiate drama to midnight library sessions, pub crawls to formal dinners - we've got the lot. Share your Durham moments, ask about accommodation, or just come for a virtual cuppa. Whether you're a fresher finding your feet or a postgrad buried in research, this is your space to connect. Bonus points if you've ever gotten lost in Palace Green!",2011-05-20,True,university,2025-05-10
Medical_Students,https://www.reddit.com/r/Medical_Students/,3724.0,The best community of medical students. Join with Online community for Medical students & Doctors where you can join various medico all over the world.,2017-04-07,True,students,2025-05-10
gradschoolph,https://www.reddit.com/r/gradschoolph/,3648.0,,2022-08-26,True,grad school,2025-05-10
AIJobsBoard,https://www.reddit.com/r/AIJobsBoard/,3283.0,"Welcome to EasyJob AI ‚Äì your go-to AI job board.

We‚Äôve got a wide range of AI, ML, Data Science, and Generative AI roles,plus exclusive opportunities at innovative AI startups you won‚Äôt find elsewhere.

This is a place to share, learn, and help shape the future of AI job hunting. Got feedback or feature ideas? Drop them here‚Äîwe‚Äôre building this together. Let‚Äôs make something great.",2025-02-18,True,job hunting,2025-05-10
forageStudents,https://www.reddit.com/r/forageStudents/,2757.0,Students of the Forage Virtual Work Experience Platform (theforage.com),2021-02-09,True,students,2025-05-10
PaidInternships,https://www.reddit.com/r/PaidInternships/,2472.0,"r/PaidInternships is for PAID ONLY college/university internships, asking school-related questions, offering advice, or sharing anything related to college.  Our hashtag #PayTheIntern.",2020-03-05,True,internships,2025-05-10
UKLawStudents,https://www.reddit.com/r/UKLawStudents/,2413.0,"This Subreddit is for all students studying, thinking about studying, or hoping to study Law in the UK.  The Subreddit /r/lawschool has a very American driven content, so this is for anyone who lives in the UK and wants to enjoy the same level of community that /r/lawschool gives the American students.",2015-07-28,True,students,2025-05-10
SonographyStudents,https://www.reddit.com/r/SonographyStudents/,2242.0,"A place where sonography students can vent, ask questions, discuss topics with fellow students, post their accomplishments, all things medical sonography.",2021-08-15,True,students,2025-05-10
WriteIvy,https://www.reddit.com/r/WriteIvy/,1874.0,"Step-by-step formulas for writing graduate SOPs that fill you with confidence, flood your inbox with admission offers, and launch your career as a high-achieving scholar.",2022-04-28,True,grad school,2025-05-10
CentennialCollege,https://www.reddit.com/r/CentennialCollege/,1717.0,A sub-reddit for Centennial College Students of Ontario. (Not officially affiliated),2012-02-02,True,college students,2025-05-10
NIOS_Students,https://www.reddit.com/r/NIOS_Students/,1702.0,"Welcome to r/NIOS_Students! This subreddit serves as a platform for NIOS students to connect, share information, seek advice, and support each other. Whether you're looking for enrollment guidance, study tips, or assistance with NIOS-related issues, this community is here to help.

**This is not an official subreddit of NIOS, it is maintained by students**",2024-03-03,True,students,2025-05-10
cscareeradvice,https://www.reddit.com/r/cscareeradvice/,1511.0,,2016-05-15,True,career advice,2025-05-10
UniversityMaastricht,https://www.reddit.com/r/UniversityMaastricht/,1486.0,"This is a subreddit for all your questions or stories about the University of Maastricht.

Created on March 3rd, 2024

Rules:
- No spam
- No NSFW
- No bullying
- No trolling
- English or Dutch language desired


Requirements to post:
None, you can post if you are interested in the university or if you have questions for other students. 

Note: This sub is not an official Maastricht University subreddit. It's a sub to help each other out, nothing more than that. 

",2024-03-03,True,university,2025-05-10
gradadmissions_intl,https://www.reddit.com/r/gradadmissions_intl/,1390.0,"This subreddit is for anyone who is going through the process of getting into graduate school outside the US, and for those who've been there and have advice to give.",2020-09-20,True,grad school,2025-05-10
EngineeringGradSchool,https://www.reddit.com/r/EngineeringGradSchool/,1335.0,"A subreddit dedicated to those who are pursuing or have received a Master of Science, a Master of Engineering, or a Doctor of Philosophy in an Engineering discipline.

This sub seeks to provide a place where graduate students in Engineering can ask questions and receive answers from others in similar disciplines, which can be difficult in more broad subreddits.",2014-08-31,True,grad school,2025-05-10
resumetailoring,https://www.reddit.com/r/resumetailoring/,1239.0,Helping others tailor the resume for a specific job description as this is the most important aspect of the job hunting. Unfortunately it's also the most time consuming. After successfully landing an interview with a tailored resume we will post before and after posts. Reach out to me if you need help with tailoring.,2024-08-27,True,job hunting,2025-05-10
